{
  "baseline": "ewc",
  "model": "TransE",
  "embedding_dim": 256,
  "num_epochs": 100,
  "lr": 0.001,
  "task_names": [
    "task_0_base",
    "task_1_disease_related",
    "task_1_drug_related",
    "task_2_disease_related",
    "task_2_gene_protein",
    "task_3_gene_protein",
    "task_3_phenotype_related",
    "task_4_biological_process",
    "task_4_phenotype_related",
    "task_5_anatomy_pathway"
  ],
  "seeds": [
    456
  ],
  "results": [
    {
      "Average Performance (AP)": 0.004271876224718011,
      "Average Forgetting (AF)": 0.017448336025579336,
      "Backward Transfer (BWT)": -0.01736593609593714,
      "Forward Transfer (FWT)": 0.0,
      "Remembering (REM)": 0.9826340639040628,
      "seed": 456,
      "results_matrix": [
        [
          0.042730185921476094,
          0.0,
          0.0,
          0.0,
          0.0,
          0.0,
          0.0,
          0.0,
          0.0,
          0.0
        ],
        [
          0.04347178528825584,
          0.0067054193373524956,
          0.0,
          0.0,
          0.0,
          0.0,
          0.0,
          0.0,
          0.0,
          0.0
        ],
        [
          0.0374318714691834,
          0.0019607169094129117,
          0.0005904421412723389,
          0.0,
          0.0,
          0.0,
          0.0,
          0.0,
          0.0,
          0.0
        ],
        [
          0.027137639738523175,
          0.001655972144696733,
          0.0004994901869024022,
          0.0007948714491175021,
          0.0,
          0.0,
          0.0,
          0.0,
          0.0,
          0.0
        ],
        [
          0.026002861612185915,
          0.0015632049572049474,
          0.00033510458946866574,
          0.0007023583714293306,
          0.11354627084101775,
          0.0,
          0.0,
          0.0,
          0.0,
          0.0
        ],
        [
          0.025656907476390847,
          0.0009656145304871339,
          0.00027506533864082893,
          0.0005272936182558026,
          0.11148374327644323,
          0.0007428298902624368,
          0.0,
          0.0,
          0.0,
          0.0
        ],
        [
          0.02718873032234849,
          0.001097784075017314,
          0.0002566056962029665,
          0.0005409577800994328,
          0.11310411932811197,
          0.0007319665915700218,
          0.010589557177696244,
          0.0,
          0.0,
          0.0
        ],
        [
          0.025749305351077695,
          0.0009561112652705872,
          0.0002857745638268431,
          0.0005752757510809986,
          0.10293031796745898,
          0.0006636276489398728,
          0.007661871078510346,
          0.011375094294390256,
          0.0,
          0.0
        ],
        [
          0.024524660282000788,
          0.0009442279664961296,
          4.314184940328984e-05,
          0.0006466831019718678,
          0.1023205267258714,
          0.0006692228072232747,
          0.006273619948206236,
          0.01043364257381143,
          0.001080499433491687,
          0.0
        ],
        [
          0.017002171867824198,
          0.001095171988765557,
          4.628138662444481e-05,
          0.000537800603719299,
          0.003436817719673807,
          0.0005555595527568245,
          0.00401186353804393,
          0.004277111911544494,
          0.0008989670536899813,
          0.010857016624537572
        ]
      ]
    }
  ]
}