{
  "baseline": "ewc",
  "model": "TransE",
  "embedding_dim": 256,
  "num_epochs": 100,
  "lr": 0.001,
  "task_names": [
    "task_0_base",
    "task_1_disease_related",
    "task_1_drug_related",
    "task_2_disease_related",
    "task_2_gene_protein",
    "task_3_gene_protein",
    "task_3_phenotype_related",
    "task_4_biological_process",
    "task_4_phenotype_related",
    "task_5_anatomy_pathway"
  ],
  "seeds": [
    42
  ],
  "results": [
    {
      "Average Performance (AP)": 0.003948868955880717,
      "Average Forgetting (AF)": 0.01693273894930889,
      "Backward Transfer (BWT)": -0.016835269168494878,
      "Forward Transfer (FWT)": 0.0,
      "Remembering (REM)": 0.9831647308315051,
      "seed": 42,
      "results_matrix": [
        [
          0.04139712078782172,
          0.0,
          0.0,
          0.0,
          0.0,
          0.0,
          0.0,
          0.0,
          0.0,
          0.0
        ],
        [
          0.04227434881514785,
          0.005650982374704152,
          0.0,
          0.0,
          0.0,
          0.0,
          0.0,
          0.0,
          0.0,
          0.0
        ],
        [
          0.03638972095734302,
          0.0011551217738652497,
          0.00045145076739913084,
          0.0,
          0.0,
          0.0,
          0.0,
          0.0,
          0.0,
          0.0
        ],
        [
          0.025586129924926954,
          0.0009038747674153419,
          0.00030343104219067587,
          0.0006279542545059219,
          0.0,
          0.0,
          0.0,
          0.0,
          0.0,
          0.0
        ],
        [
          0.026382194495056664,
          0.0008828157880741652,
          0.00030858270539572486,
          0.0005486666298104566,
          0.10960377221986037,
          0.0,
          0.0,
          0.0,
          0.0,
          0.0
        ],
        [
          0.025110876990816777,
          0.0004871945399371586,
          0.00024242537640113305,
          0.0004591294458834774,
          0.10675004366235569,
          0.0007293991206323696,
          0.0,
          0.0,
          0.0,
          0.0
        ],
        [
          0.026512291169161536,
          0.0008204866396042097,
          0.0002294773796100569,
          0.0004381371779501215,
          0.10745938098445215,
          0.0006982437602346829,
          0.01055928599572877,
          0.0,
          0.0,
          0.0
        ],
        [
          0.024598301787915413,
          0.0008196172849339264,
          0.00020002122450880916,
          0.00046278873991224535,
          0.10076421305980411,
          0.0006348301291751896,
          0.007561376542491634,
          0.010711728078092847,
          0.0,
          0.0
        ],
        [
          0.023636766395205358,
          0.0007109226749517957,
          4.1093853429332996e-05,
          0.0004821624921267509,
          0.09964750542800235,
          0.0006424244956251151,
          0.006523705596495082,
          0.009783529762771323,
          0.001215992035374602,
          0.0
        ],
        [
          0.017688050986390275,
          0.001026027021121789,
          4.624342037336117e-05,
          0.0004710854551650427,
          0.0007932514122388573,
          0.0005220282020943669,
          0.004053139394642345,
          0.003961962724001676,
          0.0008684745016382807,
          0.010058426441141176
        ]
      ]
    }
  ]
}