{
  "baseline": "ewc",
  "model": "TransE",
  "embedding_dim": 256,
  "num_epochs": 100,
  "lr": 0.001,
  "task_names": [
    "task_0_base",
    "task_1_disease_related",
    "task_1_drug_related",
    "task_2_disease_related",
    "task_2_gene_protein",
    "task_3_gene_protein",
    "task_3_phenotype_related",
    "task_4_biological_process",
    "task_4_phenotype_related",
    "task_5_anatomy_pathway"
  ],
  "seeds": [
    123
  ],
  "results": [
    {
      "Average Performance (AP)": 0.0044367648172054545,
      "Average Forgetting (AF)": 0.01690882539604931,
      "Backward Transfer (BWT)": -0.01624267871272573,
      "Forward Transfer (FWT)": 0.0,
      "Remembering (REM)": 0.9837573212872742,
      "seed": 123,
      "results_matrix": [
        [
          0.04081153923175897,
          0.0,
          0.0,
          0.0,
          0.0,
          0.0,
          0.0,
          0.0,
          0.0,
          0.0
        ],
        [
          0.04151014505898279,
          0.006443792308155122,
          0.0,
          0.0,
          0.0,
          0.0,
          0.0,
          0.0,
          0.0,
          0.0
        ],
        [
          0.03735850568893216,
          0.0016871961076892201,
          0.0005365006165776696,
          0.0,
          0.0,
          0.0,
          0.0,
          0.0,
          0.0,
          0.0
        ],
        [
          0.027268628014894374,
          0.0011170606427797262,
          0.0003771293718450881,
          0.000696167294310889,
          0.0,
          0.0,
          0.0,
          0.0,
          0.0,
          0.0
        ],
        [
          0.026443553745699372,
          0.0010608378529722096,
          0.0003074178292295102,
          0.0005461833155274578,
          0.11131187077799272,
          0.0,
          0.0,
          0.0,
          0.0,
          0.0
        ],
        [
          0.025968794167570572,
          0.0006212150178056414,
          0.00028594006987157775,
          0.0004081907492991308,
          0.11466616028562772,
          0.0007582205637397528,
          0.0,
          0.0,
          0.0,
          0.0
        ],
        [
          0.026262284246003374,
          0.0011426177796826295,
          0.00028192154481587696,
          0.0003778959809083143,
          0.11660643427609577,
          0.0007339823379720815,
          0.00896937923153642,
          0.0,
          0.0,
          0.0
        ],
        [
          0.02563515760188093,
          0.0011583597787754912,
          0.0002815340818895374,
          0.0004024096586214621,
          0.11018358143698143,
          0.0007009467526198618,
          0.006582044715442812,
          0.011168777695498235,
          0.0,
          0.0
        ],
        [
          0.024208880874457328,
          0.0009838151779644174,
          4.452337156796587e-05,
          0.0004801068815819594,
          0.1068361797095263,
          0.0007603713883251462,
          0.005219342684996418,
          0.009927282220336278,
          0.0010090419779613669,
          0.0
        ],
        [
          0.018105108076130524,
          0.0012425817933305362,
          4.68744025394001e-05,
          0.0004680292229185164,
          0.0072278852716604345,
          0.0005523751458843439,
          0.003234977176660933,
          0.0038298857994112697,
          0.0008134643944636301,
          0.00884646688905497
        ]
      ]
    }
  ]
}