{
  "baseline": "ewc",
  "model": "TransE",
  "embedding_dim": 256,
  "num_epochs": 100,
  "lr": 0.001,
  "task_names": [
    "task_0_base",
    "task_1_disease_related",
    "task_1_drug_related",
    "task_2_disease_related",
    "task_2_gene_protein",
    "task_3_gene_protein",
    "task_3_phenotype_related",
    "task_4_biological_process",
    "task_4_phenotype_related",
    "task_5_anatomy_pathway"
  ],
  "seeds": [
    789
  ],
  "results": [
    {
      "Average Performance (AP)": 0.0043838250459511795,
      "Average Forgetting (AF)": 0.017403906666747296,
      "Backward Transfer (BWT)": -0.016383851180223705,
      "Forward Transfer (FWT)": 0.0,
      "Remembering (REM)": 0.9836161488197763,
      "seed": 789,
      "results_matrix": [
        [
          0.04057726381114121,
          0.0,
          0.0,
          0.0,
          0.0,
          0.0,
          0.0,
          0.0,
          0.0,
          0.0
        ],
        [
          0.04173241546077165,
          0.00670574926338937,
          0.0,
          0.0,
          0.0,
          0.0,
          0.0,
          0.0,
          0.0,
          0.0
        ],
        [
          0.03668178459251175,
          0.0017208311394246313,
          0.0005097001769081754,
          0.0,
          0.0,
          0.0,
          0.0,
          0.0,
          0.0,
          0.0
        ],
        [
          0.02719859138891152,
          0.0016838067893257542,
          0.00034383109491480384,
          0.0006525534755627304,
          0.0,
          0.0,
          0.0,
          0.0,
          0.0,
          0.0
        ],
        [
          0.026282111299333378,
          0.0013663690472731703,
          0.00029206596146072976,
          0.0006106735535493494,
          0.10834384925506285,
          0.0,
          0.0,
          0.0,
          0.0,
          0.0
        ],
        [
          0.02651069408711031,
          0.0009719329410128774,
          0.00027198674449379186,
          0.0005192889480656989,
          0.11557477442990509,
          0.0007839915504136387,
          0.0,
          0.0,
          0.0,
          0.0
        ],
        [
          0.02682909526827383,
          0.0010318962399830558,
          0.00025451169233288055,
          0.0005118513733043387,
          0.1163691969841447,
          0.0007526851307826927,
          0.011679568650917,
          0.0,
          0.0,
          0.0
        ],
        [
          0.025802038887924667,
          0.0010769499892166671,
          0.0002496506125948138,
          0.0004984976099915505,
          0.10868844062711187,
          0.0007057183714134421,
          0.008156238089917027,
          0.011324040023900955,
          0.0,
          0.0
        ],
        [
          0.02368722809633521,
          0.0010237503518228394,
          4.979358593842504e-05,
          0.0005070133110561775,
          0.10963615040056272,
          0.0007503138566331432,
          0.006991833419734685,
          0.01011596081506897,
          0.0010026089129650784,
          0.0
        ],
        [
          0.018061658298683052,
          0.0011187472744731836,
          6.209451734273933e-05,
          0.0005088021871620592,
          0.004818701850273311,
          0.0004940418228322155,
          0.004117706226627788,
          0.004136511289681873,
          0.0008064010311714475,
          0.009713585961264122
        ]
      ]
    }
  ]
}