{
  "baseline": "ewc",
  "model": "TransE",
  "embedding_dim": 256,
  "num_epochs": 100,
  "lr": 0.001,
  "task_names": [
    "task_0_base",
    "task_1_disease_related",
    "task_1_drug_related",
    "task_2_disease_related",
    "task_2_gene_protein",
    "task_3_gene_protein",
    "task_3_phenotype_related",
    "task_4_biological_process",
    "task_4_phenotype_related",
    "task_5_anatomy_pathway"
  ],
  "seeds": [
    1024
  ],
  "results": [
    {
      "Average Performance (AP)": 0.003713347184381626,
      "Average Forgetting (AF)": 0.016312655585438457,
      "Backward Transfer (BWT)": -0.015914424883881013,
      "Forward Transfer (FWT)": 0.0,
      "Remembering (REM)": 0.9840855751161189,
      "seed": 1024,
      "results_matrix": [
        [
          0.040971843639557776,
          0.0,
          0.0,
          0.0,
          0.0,
          0.0,
          0.0,
          0.0,
          0.0,
          0.0
        ],
        [
          0.04116141517180028,
          0.006071791593180693,
          0.0,
          0.0,
          0.0,
          0.0,
          0.0,
          0.0,
          0.0,
          0.0
        ],
        [
          0.03534524506494189,
          0.0014166261347587164,
          0.00054910150566462,
          0.0,
          0.0,
          0.0,
          0.0,
          0.0,
          0.0,
          0.0
        ],
        [
          0.024442558887763553,
          0.0012116479638057476,
          0.00034353254465861174,
          0.0006609923848919521,
          0.0,
          0.0,
          0.0,
          0.0,
          0.0,
          0.0
        ],
        [
          0.024385111853986285,
          0.0010778693791399596,
          0.0002933486692037973,
          0.0005593545311941058,
          0.09933495809725648,
          0.0,
          0.0,
          0.0,
          0.0,
          0.0
        ],
        [
          0.024289613213258326,
          0.0005582364944376727,
          0.0003194106732073838,
          0.0004559652281454342,
          0.10272946287903098,
          0.0008103377766645818,
          0.0,
          0.0,
          0.0,
          0.0
        ],
        [
          0.023790465576754027,
          0.0011651498996082072,
          0.0003024249456830665,
          0.00047067280005970023,
          0.1019564450366337,
          0.0007257625259083447,
          0.010807564679435548,
          0.0,
          0.0,
          0.0
        ],
        [
          0.024293704233135312,
          0.0009153818526508949,
          0.0002928103165734475,
          0.0005138916460291147,
          0.08963482536116112,
          0.0006597421975105,
          0.007573048486050589,
          0.010838920897835697,
          0.0,
          0.0
        ],
        [
          0.02246414274487713,
          0.0008301288603072904,
          4.797769734152679e-05,
          0.0005558281051296294,
          0.08689536911331192,
          0.0006903749251131052,
          0.006167105682336369,
          0.009559823339335033,
          0.0010659360064835819,
          0.0
        ],
        [
          0.01637813077634035,
          0.0007665355625857675,
          7.567955700751737e-05,
          0.0005102275036735213,
          0.001394490507813725,
          0.0005369060943859845,
          0.0035803945871520906,
          0.0038120832960364818,
          0.0008271747410463882,
          0.009251849217774432
        ]
      ]
    }
  ]
}