{
  "baseline": "experience_replay",
  "model": "TransE",
  "embedding_dim": 256,
  "num_epochs": 100,
  "lr": 0.001,
  "task_names": [
    "task_0_base",
    "task_1_disease_related",
    "task_1_drug_related",
    "task_2_disease_related",
    "task_2_gene_protein",
    "task_3_gene_protein",
    "task_3_phenotype_related",
    "task_4_biological_process",
    "task_4_phenotype_related",
    "task_5_anatomy_pathway"
  ],
  "seeds": [
    123
  ],
  "results": [
    {
      "Average Performance (AP)": 0.004033977466558557,
      "Average Forgetting (AF)": 0.020573867682420876,
      "Backward Transfer (BWT)": -0.020532644041451595,
      "Forward Transfer (FWT)": 0.0,
      "Remembering (REM)": 0.9794673559585484,
      "seed": 123,
      "results_matrix": [
        [
          0.04104987718537859,
          0.0,
          0.0,
          0.0,
          0.0,
          0.0,
          0.0,
          0.0,
          0.0,
          0.0
        ],
        [
          0.04142088995410208,
          0.007074134156856837,
          0.0,
          0.0,
          0.0,
          0.0,
          0.0,
          0.0,
          0.0,
          0.0
        ],
        [
          0.0365419089272703,
          0.0020788177212476737,
          0.000514296056901825,
          0.0,
          0.0,
          0.0,
          0.0,
          0.0,
          0.0,
          0.0
        ],
        [
          0.02643807020760568,
          0.0015186901527383886,
          0.00034537585987393516,
          0.0005977836325099792,
          0.0,
          0.0,
          0.0,
          0.0,
          0.0,
          0.0
        ],
        [
          0.027719226640022257,
          0.0010886094812493747,
          0.000348414575005238,
          0.0005165259174589238,
          0.13989668808314495,
          0.0,
          0.0,
          0.0,
          0.0,
          0.0
        ],
        [
          0.024375197742109417,
          0.0008075658334103566,
          0.0002550837687314312,
          0.0003996892628557736,
          0.11395043032231997,
          0.0007518900770348639,
          0.0,
          0.0,
          0.0,
          0.0
        ],
        [
          0.02452670993947258,
          0.0010815420240044653,
          0.0002412320896931477,
          0.00040127997370503147,
          0.10737796883745843,
          0.0007030282239197898,
          0.008814463342791618,
          0.0,
          0.0,
          0.0
        ],
        [
          0.023066590245474833,
          0.0010510722739108104,
          0.00023941710617081684,
          0.00044541518833807615,
          0.09822884912634991,
          0.0007014006501609566,
          0.005486931463340202,
          0.011534388515347828,
          0.0,
          0.0
        ],
        [
          0.02319236095095362,
          0.0013674113514433618,
          4.690487957179606e-05,
          0.0005024818893821221,
          0.09763324792680485,
          0.0006794794478381808,
          0.004544793566829234,
          0.010140440413124709,
          0.0011207876762052676,
          0.0
        ],
        [
          0.0172633176543231,
          0.0012394527510881073,
          4.837448661606673e-05,
          0.0004521036322887869,
          0.00015985805592724108,
          0.0005614538730382498,
          0.0025528953530738236,
          0.003294924806207549,
          0.0009881317405444694,
          0.013779262312478177
        ]
      ]
    }
  ]
}