{
  "baseline": "experience_replay",
  "model": "TransE",
  "embedding_dim": 256,
  "num_epochs": 100,
  "lr": 0.001,
  "task_names": [
    "task_0_base",
    "task_1_disease_related",
    "task_1_drug_related",
    "task_2_disease_related",
    "task_2_gene_protein",
    "task_3_gene_protein",
    "task_3_phenotype_related",
    "task_4_biological_process",
    "task_4_phenotype_related",
    "task_5_anatomy_pathway"
  ],
  "seeds": [
    456
  ],
  "results": [
    {
      "Average Performance (AP)": 0.003973577665769443,
      "Average Forgetting (AF)": 0.020450828521521854,
      "Backward Transfer (BWT)": -0.02023097993843106,
      "Forward Transfer (FWT)": 0.0,
      "Remembering (REM)": 0.979769020061569,
      "seed": 456,
      "results_matrix": [
        [
          0.04193928299843442,
          0.0,
          0.0,
          0.0,
          0.0,
          0.0,
          0.0,
          0.0,
          0.0,
          0.0
        ],
        [
          0.043892988138392854,
          0.0065248404252235236,
          0.0,
          0.0,
          0.0,
          0.0,
          0.0,
          0.0,
          0.0,
          0.0
        ],
        [
          0.036333411725070666,
          0.0019273246019102408,
          0.0005087155981894957,
          0.0,
          0.0,
          0.0,
          0.0,
          0.0,
          0.0,
          0.0
        ],
        [
          0.02635812175363431,
          0.002584380898955254,
          0.0003567664887668989,
          0.0006005760500542015,
          0.0,
          0.0,
          0.0,
          0.0,
          0.0,
          0.0
        ],
        [
          0.028057371894238608,
          0.0012211196533751226,
          0.00031295494942583016,
          0.0004624763930436413,
          0.13573683817767554,
          0.0,
          0.0,
          0.0,
          0.0,
          0.0
        ],
        [
          0.02681902027610265,
          0.0008000751638967732,
          0.00027959378481761494,
          0.0003382655528638443,
          0.11345637833215697,
          0.000755045188086353,
          0.0,
          0.0,
          0.0,
          0.0
        ],
        [
          0.026535270915248495,
          0.0011966313279068784,
          0.0002700376755839032,
          0.0003507707990767326,
          0.10723276553342133,
          0.0007559057212505256,
          0.009202548439266194,
          0.0,
          0.0,
          0.0
        ],
        [
          0.025198407388132022,
          0.0014207074869190715,
          0.0002924369517840663,
          0.0003424322065008954,
          0.10425202679421137,
          0.000779977295945064,
          0.004682257011678436,
          0.012243129579891533,
          0.0,
          0.0
        ],
        [
          0.02371775990152742,
          0.0013988868541998309,
          4.57779062032869e-05,
          0.0004099521659086062,
          0.10150657283799637,
          0.0007195173351784366,
          0.004257487947629358,
          0.010395628402212306,
          0.0011477797436428628,
          0.0
        ],
        [
          0.01668100886533026,
          0.001234132522228986,
          4.933835918544148e-05,
          0.0003989089088003705,
          0.00012151766240551073,
          0.0006086542934944101,
          0.0029223327998304884,
          0.003493733183443786,
          0.0010703101598653507,
          0.013155839903109819
        ]
      ]
    }
  ]
}