{
  "baseline": "experience_replay",
  "model": "TransE",
  "embedding_dim": 256,
  "num_epochs": 100,
  "lr": 0.001,
  "task_names": [
    "task_0_base",
    "task_1_disease_related",
    "task_1_drug_related",
    "task_2_disease_related",
    "task_2_gene_protein",
    "task_3_gene_protein",
    "task_3_phenotype_related",
    "task_4_biological_process",
    "task_4_phenotype_related",
    "task_5_anatomy_pathway"
  ],
  "seeds": [
    1024
  ],
  "results": [
    {
      "Average Performance (AP)": 0.0038459262485888964,
      "Average Forgetting (AF)": 0.02049207167193108,
      "Backward Transfer (BWT)": -0.0203089817908905,
      "Forward Transfer (FWT)": 0.0,
      "Remembering (REM)": 0.9796910182091095,
      "seed": 1024,
      "results_matrix": [
        [
          0.04069763018899951,
          0.0,
          0.0,
          0.0,
          0.0,
          0.0,
          0.0,
          0.0,
          0.0,
          0.0
        ],
        [
          0.04234543911836477,
          0.005841642629982925,
          0.0,
          0.0,
          0.0,
          0.0,
          0.0,
          0.0,
          0.0,
          0.0
        ],
        [
          0.03536618199537874,
          0.0011195639423607281,
          0.0005414425837536748,
          0.0,
          0.0,
          0.0,
          0.0,
          0.0,
          0.0,
          0.0
        ],
        [
          0.024822113384218424,
          0.0008108180832344633,
          0.00041515495499476436,
          0.0006174667464896841,
          0.0,
          0.0,
          0.0,
          0.0,
          0.0,
          0.0
        ],
        [
          0.027923757985836104,
          0.001010143423165831,
          0.0003499354130610105,
          0.0005312135857330519,
          0.13908756146681112,
          0.0,
          0.0,
          0.0,
          0.0,
          0.0
        ],
        [
          0.02499401906119061,
          0.0006653345035795812,
          0.00025933729356822686,
          0.00031769692347719816,
          0.11367886444302033,
          0.0008124283469575089,
          0.0,
          0.0,
          0.0,
          0.0
        ],
        [
          0.025210410109738086,
          0.0014009045651671651,
          0.00024717178826703126,
          0.0003228074018045138,
          0.11051340619141807,
          0.0007804829845481668,
          0.008784912076930251,
          0.0,
          0.0,
          0.0
        ],
        [
          0.024622469326845108,
          0.0013192041886490678,
          0.0002620844383161105,
          0.00033571283943547545,
          0.10304646108326608,
          0.0007379613089109228,
          0.005298667015386206,
          0.011452873968568146,
          0.0,
          0.0
        ],
        [
          0.02334093677086329,
          0.0011714694539736433,
          4.613073599948794e-05,
          0.00040071677507787473,
          0.10500552071896516,
          0.0007426430896433465,
          0.004514388061470413,
          0.009638705023398877,
          0.0010516226898293355,
          0.0
        ],
        [
          0.016863120835341968,
          0.0011404077636991733,
          5.558685251224645e-05,
          0.0003373965352517926,
          0.0002135706498293612,
          0.0006068474823207171,
          0.0027660531319204044,
          0.0032216286793604583,
          0.0009021326500715342,
          0.012352517905581312
        ]
      ]
    }
  ]
}