{
  "baseline": "experience_replay",
  "model": "TransE",
  "embedding_dim": 256,
  "num_epochs": 100,
  "lr": 0.001,
  "task_names": [
    "task_0_base",
    "task_1_disease_related",
    "task_1_drug_related",
    "task_2_disease_related",
    "task_2_gene_protein",
    "task_3_gene_protein",
    "task_3_phenotype_related",
    "task_4_biological_process",
    "task_4_phenotype_related",
    "task_5_anatomy_pathway"
  ],
  "seeds": [
    42
  ],
  "results": [
    {
      "Average Performance (AP)": 0.0037156046870238787,
      "Average Forgetting (AF)": 0.021026525394936418,
      "Backward Transfer (BWT)": -0.021026525394936418,
      "Forward Transfer (FWT)": 0.0,
      "Remembering (REM)": 0.9789734746050636,
      "seed": 42,
      "results_matrix": [
        [
          0.04127878719155564,
          0.0,
          0.0,
          0.0,
          0.0,
          0.0,
          0.0,
          0.0,
          0.0,
          0.0
        ],
        [
          0.040415231790165304,
          0.006024270998467063,
          0.0,
          0.0,
          0.0,
          0.0,
          0.0,
          0.0,
          0.0,
          0.0
        ],
        [
          0.0336283583568811,
          0.001427626817919712,
          0.0004865569662861298,
          0.0,
          0.0,
          0.0,
          0.0,
          0.0,
          0.0,
          0.0
        ],
        [
          0.024629612582765477,
          0.001012951424656323,
          0.0002955725899546259,
          0.0006045453933791251,
          0.0,
          0.0,
          0.0,
          0.0,
          0.0,
          0.0
        ],
        [
          0.027452609756203752,
          0.0008703267140299584,
          0.00027046589899317315,
          0.0005136797213453006,
          0.14306556827779063,
          0.0,
          0.0,
          0.0,
          0.0,
          0.0
        ],
        [
          0.024943224969312387,
          0.0006315173580815254,
          0.0002606103517381701,
          0.00035639448443443647,
          0.1253256609685046,
          0.0008130588231085547,
          0.0,
          0.0,
          0.0,
          0.0
        ],
        [
          0.024724539529055227,
          0.000962548841211866,
          0.00027093734399962844,
          0.000349597418475868,
          0.12388028410921564,
          0.0007567175453162408,
          0.009193427424168859,
          0.0,
          0.0,
          0.0
        ],
        [
          0.024312191307129527,
          0.0009660853176373839,
          0.00024045406526303478,
          0.00036134976949569737,
          0.1178108844200745,
          0.0007251938896599311,
          0.0054863089212965205,
          0.011425274983733861,
          0.0,
          0.0
        ],
        [
          0.022361879101390297,
          0.0008678404108302676,
          4.439639887330814e-05,
          0.0003891540485031252,
          0.11306571173374312,
          0.0007773692866609611,
          0.004978887666384979,
          0.00949106088946876,
          0.0010752192719316054,
          0.0
        ],
        [
          0.016036731632110026,
          0.0008388608532466716,
          4.782395253818954e-05,
          0.0003611147486386913,
          0.00014813722299861353,
          0.0005721859454646836,
          0.0026230484577088042,
          0.0030880864457727003,
          0.0010119915175153189,
          0.012428066094245087
        ]
      ]
    }
  ]
}