{
  "baseline": "experience_replay",
  "model": "TransE",
  "embedding_dim": 256,
  "num_epochs": 100,
  "lr": 0.001,
  "task_names": [
    "task_0_base",
    "task_1_disease_related",
    "task_1_drug_related",
    "task_2_disease_related",
    "task_2_gene_protein",
    "task_3_gene_protein",
    "task_3_phenotype_related",
    "task_4_biological_process",
    "task_4_phenotype_related",
    "task_5_anatomy_pathway"
  ],
  "seeds": [
    789
  ],
  "results": [
    {
      "Average Performance (AP)": 0.003990750652496372,
      "Average Forgetting (AF)": 0.02058933525164147,
      "Backward Transfer (BWT)": -0.020367377633783497,
      "Forward Transfer (FWT)": 0.0,
      "Remembering (REM)": 0.9796326223662165,
      "seed": 789,
      "results_matrix": [
        [
          0.03975957143020091,
          0.0,
          0.0,
          0.0,
          0.0,
          0.0,
          0.0,
          0.0,
          0.0,
          0.0
        ],
        [
          0.041737618501247915,
          0.006325752299920016,
          0.0,
          0.0,
          0.0,
          0.0,
          0.0,
          0.0,
          0.0,
          0.0
        ],
        [
          0.035503266503172065,
          0.0014947026772398862,
          0.0005004797032211799,
          0.0,
          0.0,
          0.0,
          0.0,
          0.0,
          0.0,
          0.0
        ],
        [
          0.026675977533366434,
          0.001436353720974027,
          0.0003051023165012177,
          0.0006793873843385965,
          0.0,
          0.0,
          0.0,
          0.0,
          0.0,
          0.0
        ],
        [
          0.02877628260630035,
          0.0008692772066941565,
          0.0002848831867761669,
          0.00056479896633313,
          0.1391499785773392,
          0.0,
          0.0,
          0.0,
          0.0,
          0.0
        ],
        [
          0.02619509790725338,
          0.0007051939657362984,
          0.0002900771105684201,
          0.0003893060464434061,
          0.11554983505120796,
          0.0008672839334028122,
          0.0,
          0.0,
          0.0,
          0.0
        ],
        [
          0.024624909436591503,
          0.0008867120822542487,
          0.00026559487246867886,
          0.000390672267284212,
          0.10611621865246605,
          0.0008868554230775579,
          0.010462299578875357,
          0.0,
          0.0,
          0.0
        ],
        [
          0.023283710483692818,
          0.0009332153882300947,
          0.00026177344207045785,
          0.0003656081473922859,
          0.08915875905623254,
          0.0007677362984076804,
          0.006578537508742092,
          0.01156622008116013,
          0.0,
          0.0
        ],
        [
          0.020863496329980982,
          0.001123811172591355,
          4.627233733304095e-05,
          0.0004472355681455544,
          0.08508064131764584,
          0.0007531561765688327,
          0.005119663674058811,
          0.009638903438034465,
          0.0011054083569451032,
          0.0
        ],
        [
          0.017565563150582116,
          0.0010373209687433442,
          5.446247797893224e-05,
          0.00040839920275969385,
          0.00011802806598744529,
          0.0006324875650382811,
          0.0031294568200953094,
          0.003190189691768091,
          0.00097407469839864,
          0.012797523883611871
        ]
      ]
    }
  ]
}