{
  "baseline": "joint_training",
  "model": "TransE",
  "embedding_dim": 256,
  "num_epochs": 100,
  "lr": 0.001,
  "task_names": [
    "task_0_base",
    "task_1_disease_related",
    "task_1_drug_related",
    "task_2_disease_related",
    "task_2_gene_protein",
    "task_3_gene_protein",
    "task_3_phenotype_related",
    "task_4_biological_process",
    "task_4_phenotype_related",
    "task_5_anatomy_pathway"
  ],
  "seeds": [
    789
  ],
  "results": [
    {
      "Average Performance (AP)": 0.017429243567822265,
      "Average Forgetting (AF)": 0.0,
      "Backward Transfer (BWT)": 0.0,
      "Forward Transfer (FWT)": 0.017036438322113625,
      "Remembering (REM)": 1.0,
      "seed": 789,
      "results_matrix": [
        [
          0.020964490779200047,
          0.05125557220856325,
          0.0003254203346241515,
          0.0005049058754965486,
          0.04152370442265928,
          0.0006715463229962739,
          0.04736039746202774,
          0.00890494754479505,
          0.0008376970888814367,
          0.001943753638978902
        ],
        [
          0.020964490779200047,
          0.05125557220856325,
          0.0003254203346241515,
          0.0005049058754965486,
          0.04152370442265928,
          0.0006715463229962739,
          0.04736039746202774,
          0.00890494754479505,
          0.0008376970888814367,
          0.001943753638978902
        ],
        [
          0.020964490779200047,
          0.05125557220856325,
          0.0003254203346241515,
          0.0005049058754965486,
          0.04152370442265928,
          0.0006715463229962739,
          0.04736039746202774,
          0.00890494754479505,
          0.0008376970888814367,
          0.001943753638978902
        ],
        [
          0.020964490779200047,
          0.05125557220856325,
          0.0003254203346241515,
          0.0005049058754965486,
          0.04152370442265928,
          0.0006715463229962739,
          0.04736039746202774,
          0.00890494754479505,
          0.0008376970888814367,
          0.001943753638978902
        ],
        [
          0.020964490779200047,
          0.05125557220856325,
          0.0003254203346241515,
          0.0005049058754965486,
          0.04152370442265928,
          0.0006715463229962739,
          0.04736039746202774,
          0.00890494754479505,
          0.0008376970888814367,
          0.001943753638978902
        ],
        [
          0.020964490779200047,
          0.05125557220856325,
          0.0003254203346241515,
          0.0005049058754965486,
          0.04152370442265928,
          0.0006715463229962739,
          0.04736039746202774,
          0.00890494754479505,
          0.0008376970888814367,
          0.001943753638978902
        ],
        [
          0.020964490779200047,
          0.05125557220856325,
          0.0003254203346241515,
          0.0005049058754965486,
          0.04152370442265928,
          0.0006715463229962739,
          0.04736039746202774,
          0.00890494754479505,
          0.0008376970888814367,
          0.001943753638978902
        ],
        [
          0.020964490779200047,
          0.05125557220856325,
          0.0003254203346241515,
          0.0005049058754965486,
          0.04152370442265928,
          0.0006715463229962739,
          0.04736039746202774,
          0.00890494754479505,
          0.0008376970888814367,
          0.001943753638978902
        ],
        [
          0.020964490779200047,
          0.05125557220856325,
          0.0003254203346241515,
          0.0005049058754965486,
          0.04152370442265928,
          0.0006715463229962739,
          0.04736039746202774,
          0.00890494754479505,
          0.0008376970888814367,
          0.001943753638978902
        ],
        [
          0.020964490779200047,
          0.05125557220856325,
          0.0003254203346241515,
          0.0005049058754965486,
          0.04152370442265928,
          0.0006715463229962739,
          0.04736039746202774,
          0.00890494754479505,
          0.0008376970888814367,
          0.001943753638978902
        ]
      ]
    }
  ]
}