{
  "baseline": "joint_training",
  "model": "TransE",
  "embedding_dim": 256,
  "num_epochs": 100,
  "lr": 0.001,
  "task_names": [
    "task_0_base",
    "task_1_disease_related",
    "task_1_drug_related",
    "task_2_disease_related",
    "task_2_gene_protein",
    "task_3_gene_protein",
    "task_3_phenotype_related",
    "task_4_biological_process",
    "task_4_phenotype_related",
    "task_5_anatomy_pathway"
  ],
  "seeds": [
    456
  ],
  "results": [
    {
      "Average Performance (AP)": 0.01739262992004714,
      "Average Forgetting (AF)": 0.0,
      "Backward Transfer (BWT)": 0.0,
      "Forward Transfer (FWT)": 0.016949660820978964,
      "Remembering (REM)": 1.0,
      "seed": 456,
      "results_matrix": [
        [
          0.02137935181166069,
          0.04929030534497222,
          0.000349471812310289,
          0.0005371084870599843,
          0.042228437979713346,
          0.0006659339676931643,
          0.04775094873075371,
          0.009168888848764876,
          0.0007452454155282332,
          0.001810606802014869
        ],
        [
          0.02137935181166069,
          0.04929030534497222,
          0.000349471812310289,
          0.0005371084870599843,
          0.042228437979713346,
          0.0006659339676931643,
          0.04775094873075371,
          0.009168888848764876,
          0.0007452454155282332,
          0.001810606802014869
        ],
        [
          0.02137935181166069,
          0.04929030534497222,
          0.000349471812310289,
          0.0005371084870599843,
          0.042228437979713346,
          0.0006659339676931643,
          0.04775094873075371,
          0.009168888848764876,
          0.0007452454155282332,
          0.001810606802014869
        ],
        [
          0.02137935181166069,
          0.04929030534497222,
          0.000349471812310289,
          0.0005371084870599843,
          0.042228437979713346,
          0.0006659339676931643,
          0.04775094873075371,
          0.009168888848764876,
          0.0007452454155282332,
          0.001810606802014869
        ],
        [
          0.02137935181166069,
          0.04929030534497222,
          0.000349471812310289,
          0.0005371084870599843,
          0.042228437979713346,
          0.0006659339676931643,
          0.04775094873075371,
          0.009168888848764876,
          0.0007452454155282332,
          0.001810606802014869
        ],
        [
          0.02137935181166069,
          0.04929030534497222,
          0.000349471812310289,
          0.0005371084870599843,
          0.042228437979713346,
          0.0006659339676931643,
          0.04775094873075371,
          0.009168888848764876,
          0.0007452454155282332,
          0.001810606802014869
        ],
        [
          0.02137935181166069,
          0.04929030534497222,
          0.000349471812310289,
          0.0005371084870599843,
          0.042228437979713346,
          0.0006659339676931643,
          0.04775094873075371,
          0.009168888848764876,
          0.0007452454155282332,
          0.001810606802014869
        ],
        [
          0.02137935181166069,
          0.04929030534497222,
          0.000349471812310289,
          0.0005371084870599843,
          0.042228437979713346,
          0.0006659339676931643,
          0.04775094873075371,
          0.009168888848764876,
          0.0007452454155282332,
          0.001810606802014869
        ],
        [
          0.02137935181166069,
          0.04929030534497222,
          0.000349471812310289,
          0.0005371084870599843,
          0.042228437979713346,
          0.0006659339676931643,
          0.04775094873075371,
          0.009168888848764876,
          0.0007452454155282332,
          0.001810606802014869
        ],
        [
          0.02137935181166069,
          0.04929030534497222,
          0.000349471812310289,
          0.0005371084870599843,
          0.042228437979713346,
          0.0006659339676931643,
          0.04775094873075371,
          0.009168888848764876,
          0.0007452454155282332,
          0.001810606802014869
        ]
      ]
    }
  ]
}