{
  "baseline": "joint_training",
  "model": "TransE",
  "embedding_dim": 256,
  "num_epochs": 100,
  "lr": 0.001,
  "task_names": [
    "task_0_base",
    "task_1_disease_related",
    "task_1_drug_related",
    "task_2_disease_related",
    "task_2_gene_protein",
    "task_3_gene_protein",
    "task_3_phenotype_related",
    "task_4_biological_process",
    "task_4_phenotype_related",
    "task_5_anatomy_pathway"
  ],
  "seeds": [
    1024
  ],
  "results": [
    {
      "Average Performance (AP)": 0.017349267216995378,
      "Average Forgetting (AF)": 0.0,
      "Backward Transfer (BWT)": 0.0,
      "Forward Transfer (FWT)": 0.01689188184708283,
      "Remembering (REM)": 1.0,
      "seed": 1024,
      "results_matrix": [
        [
          0.021465735546208342,
          0.046826259516184666,
          0.00033647389862383317,
          0.0005457891648247509,
          0.04128644799743658,
          0.0005642400447769654,
          0.05099613805273495,
          0.008874679677398432,
          0.0007488626033395525,
          0.0018480456684257169
        ],
        [
          0.021465735546208342,
          0.046826259516184666,
          0.00033647389862383317,
          0.0005457891648247509,
          0.04128644799743658,
          0.0005642400447769654,
          0.05099613805273495,
          0.008874679677398432,
          0.0007488626033395525,
          0.0018480456684257169
        ],
        [
          0.021465735546208342,
          0.046826259516184666,
          0.00033647389862383317,
          0.0005457891648247509,
          0.04128644799743658,
          0.0005642400447769654,
          0.05099613805273495,
          0.008874679677398432,
          0.0007488626033395525,
          0.0018480456684257169
        ],
        [
          0.021465735546208342,
          0.046826259516184666,
          0.00033647389862383317,
          0.0005457891648247509,
          0.04128644799743658,
          0.0005642400447769654,
          0.05099613805273495,
          0.008874679677398432,
          0.0007488626033395525,
          0.0018480456684257169
        ],
        [
          0.021465735546208342,
          0.046826259516184666,
          0.00033647389862383317,
          0.0005457891648247509,
          0.04128644799743658,
          0.0005642400447769654,
          0.05099613805273495,
          0.008874679677398432,
          0.0007488626033395525,
          0.0018480456684257169
        ],
        [
          0.021465735546208342,
          0.046826259516184666,
          0.00033647389862383317,
          0.0005457891648247509,
          0.04128644799743658,
          0.0005642400447769654,
          0.05099613805273495,
          0.008874679677398432,
          0.0007488626033395525,
          0.0018480456684257169
        ],
        [
          0.021465735546208342,
          0.046826259516184666,
          0.00033647389862383317,
          0.0005457891648247509,
          0.04128644799743658,
          0.0005642400447769654,
          0.05099613805273495,
          0.008874679677398432,
          0.0007488626033395525,
          0.0018480456684257169
        ],
        [
          0.021465735546208342,
          0.046826259516184666,
          0.00033647389862383317,
          0.0005457891648247509,
          0.04128644799743658,
          0.0005642400447769654,
          0.05099613805273495,
          0.008874679677398432,
          0.0007488626033395525,
          0.0018480456684257169
        ],
        [
          0.021465735546208342,
          0.046826259516184666,
          0.00033647389862383317,
          0.0005457891648247509,
          0.04128644799743658,
          0.0005642400447769654,
          0.05099613805273495,
          0.008874679677398432,
          0.0007488626033395525,
          0.0018480456684257169
        ],
        [
          0.021465735546208342,
          0.046826259516184666,
          0.00033647389862383317,
          0.0005457891648247509,
          0.04128644799743658,
          0.0005642400447769654,
          0.05099613805273495,
          0.008874679677398432,
          0.0007488626033395525,
          0.0018480456684257169
        ]
      ]
    }
  ]
}