{
  "baseline": "joint_training",
  "model": "TransE",
  "embedding_dim": 256,
  "num_epochs": 100,
  "lr": 0.001,
  "task_names": [
    "task_0_base",
    "task_1_disease_related",
    "task_1_drug_related",
    "task_2_disease_related",
    "task_2_gene_protein",
    "task_3_gene_protein",
    "task_3_phenotype_related",
    "task_4_biological_process",
    "task_4_phenotype_related",
    "task_5_anatomy_pathway"
  ],
  "seeds": [
    42
  ],
  "results": [
    {
      "Average Performance (AP)": 0.017866794452742328,
      "Average Forgetting (AF)": 0.0,
      "Backward Transfer (BWT)": 0.0,
      "Forward Transfer (FWT)": 0.017489192031341985,
      "Remembering (REM)": 1.0,
      "seed": 42,
      "results_matrix": [
        [
          0.021265216245345418,
          0.0512276562882493,
          0.00036007528095966527,
          0.000485548768678833,
          0.04214608803722379,
          0.0006670417809933576,
          0.05047930569452251,
          0.009229832766082986,
          0.0008569747176364186,
          0.0019502049477309747
        ],
        [
          0.021265216245345418,
          0.0512276562882493,
          0.00036007528095966527,
          0.000485548768678833,
          0.04214608803722379,
          0.0006670417809933576,
          0.05047930569452251,
          0.009229832766082986,
          0.0008569747176364186,
          0.0019502049477309747
        ],
        [
          0.021265216245345418,
          0.0512276562882493,
          0.00036007528095966527,
          0.000485548768678833,
          0.04214608803722379,
          0.0006670417809933576,
          0.05047930569452251,
          0.009229832766082986,
          0.0008569747176364186,
          0.0019502049477309747
        ],
        [
          0.021265216245345418,
          0.0512276562882493,
          0.00036007528095966527,
          0.000485548768678833,
          0.04214608803722379,
          0.0006670417809933576,
          0.05047930569452251,
          0.009229832766082986,
          0.0008569747176364186,
          0.0019502049477309747
        ],
        [
          0.021265216245345418,
          0.0512276562882493,
          0.00036007528095966527,
          0.000485548768678833,
          0.04214608803722379,
          0.0006670417809933576,
          0.05047930569452251,
          0.009229832766082986,
          0.0008569747176364186,
          0.0019502049477309747
        ],
        [
          0.021265216245345418,
          0.0512276562882493,
          0.00036007528095966527,
          0.000485548768678833,
          0.04214608803722379,
          0.0006670417809933576,
          0.05047930569452251,
          0.009229832766082986,
          0.0008569747176364186,
          0.0019502049477309747
        ],
        [
          0.021265216245345418,
          0.0512276562882493,
          0.00036007528095966527,
          0.000485548768678833,
          0.04214608803722379,
          0.0006670417809933576,
          0.05047930569452251,
          0.009229832766082986,
          0.0008569747176364186,
          0.0019502049477309747
        ],
        [
          0.021265216245345418,
          0.0512276562882493,
          0.00036007528095966527,
          0.000485548768678833,
          0.04214608803722379,
          0.0006670417809933576,
          0.05047930569452251,
          0.009229832766082986,
          0.0008569747176364186,
          0.0019502049477309747
        ],
        [
          0.021265216245345418,
          0.0512276562882493,
          0.00036007528095966527,
          0.000485548768678833,
          0.04214608803722379,
          0.0006670417809933576,
          0.05047930569452251,
          0.009229832766082986,
          0.0008569747176364186,
          0.0019502049477309747
        ],
        [
          0.021265216245345418,
          0.0512276562882493,
          0.00036007528095966527,
          0.000485548768678833,
          0.04214608803722379,
          0.0006670417809933576,
          0.05047930569452251,
          0.009229832766082986,
          0.0008569747176364186,
          0.0019502049477309747
        ]
      ]
    }
  ]
}