{
  "baseline": "joint_training",
  "model": "TransE",
  "embedding_dim": 256,
  "num_epochs": 100,
  "lr": 0.001,
  "task_names": [
    "task_0_base",
    "task_1_disease_related",
    "task_1_drug_related",
    "task_2_disease_related",
    "task_2_gene_protein",
    "task_3_gene_protein",
    "task_3_phenotype_related",
    "task_4_biological_process",
    "task_4_phenotype_related",
    "task_5_anatomy_pathway"
  ],
  "seeds": [
    123
  ],
  "results": [
    {
      "Average Performance (AP)": 0.017351643249955074,
      "Average Forgetting (AF)": 0.0,
      "Backward Transfer (BWT)": 0.0,
      "Forward Transfer (FWT)": 0.01699639760313887,
      "Remembering (REM)": 1.0,
      "seed": 123,
      "results_matrix": [
        [
          0.020548854071300915,
          0.048675676636823165,
          0.0003387925146391588,
          0.0004583790779479331,
          0.040277793571968604,
          0.000606084746580802,
          0.05091053068458224,
          0.009078361509544736,
          0.0007447372585107537,
          0.0018772224276524343
        ],
        [
          0.020548854071300915,
          0.048675676636823165,
          0.0003387925146391588,
          0.0004583790779479331,
          0.040277793571968604,
          0.000606084746580802,
          0.05091053068458224,
          0.009078361509544736,
          0.0007447372585107537,
          0.0018772224276524343
        ],
        [
          0.020548854071300915,
          0.048675676636823165,
          0.0003387925146391588,
          0.0004583790779479331,
          0.040277793571968604,
          0.000606084746580802,
          0.05091053068458224,
          0.009078361509544736,
          0.0007447372585107537,
          0.0018772224276524343
        ],
        [
          0.020548854071300915,
          0.048675676636823165,
          0.0003387925146391588,
          0.0004583790779479331,
          0.040277793571968604,
          0.000606084746580802,
          0.05091053068458224,
          0.009078361509544736,
          0.0007447372585107537,
          0.0018772224276524343
        ],
        [
          0.020548854071300915,
          0.048675676636823165,
          0.0003387925146391588,
          0.0004583790779479331,
          0.040277793571968604,
          0.000606084746580802,
          0.05091053068458224,
          0.009078361509544736,
          0.0007447372585107537,
          0.0018772224276524343
        ],
        [
          0.020548854071300915,
          0.048675676636823165,
          0.0003387925146391588,
          0.0004583790779479331,
          0.040277793571968604,
          0.000606084746580802,
          0.05091053068458224,
          0.009078361509544736,
          0.0007447372585107537,
          0.0018772224276524343
        ],
        [
          0.020548854071300915,
          0.048675676636823165,
          0.0003387925146391588,
          0.0004583790779479331,
          0.040277793571968604,
          0.000606084746580802,
          0.05091053068458224,
          0.009078361509544736,
          0.0007447372585107537,
          0.0018772224276524343
        ],
        [
          0.020548854071300915,
          0.048675676636823165,
          0.0003387925146391588,
          0.0004583790779479331,
          0.040277793571968604,
          0.000606084746580802,
          0.05091053068458224,
          0.009078361509544736,
          0.0007447372585107537,
          0.0018772224276524343
        ],
        [
          0.020548854071300915,
          0.048675676636823165,
          0.0003387925146391588,
          0.0004583790779479331,
          0.040277793571968604,
          0.000606084746580802,
          0.05091053068458224,
          0.009078361509544736,
          0.0007447372585107537,
          0.0018772224276524343
        ],
        [
          0.020548854071300915,
          0.048675676636823165,
          0.0003387925146391588,
          0.0004583790779479331,
          0.040277793571968604,
          0.000606084746580802,
          0.05091053068458224,
          0.009078361509544736,
          0.0007447372585107537,
          0.0018772224276524343
        ]
      ]
    }
  ]
}