{
  "baseline": "naive_sequential",
  "model": "TransE",
  "embedding_dim": 256,
  "num_epochs": 100,
  "lr": 0.001,
  "task_names": [
    "task_0_base",
    "task_1_disease_related",
    "task_1_drug_related",
    "task_2_disease_related",
    "task_2_gene_protein",
    "task_3_gene_protein",
    "task_3_phenotype_related",
    "task_4_biological_process",
    "task_4_phenotype_related",
    "task_5_anatomy_pathway"
  ],
  "seeds": [
    456
  ],
  "results": [
    {
      "Average Performance (AP)": 0.004396048873711799,
      "Average Forgetting (AF)": 0.020692844926646012,
      "Backward Transfer (BWT)": -0.02054235907748319,
      "Forward Transfer (FWT)": 0.0,
      "Remembering (REM)": 0.9794576409225169,
      "seed": 456,
      "results_matrix": [
        [
          0.04193928299843442,
          0.0,
          0.0,
          0.0,
          0.0,
          0.0,
          0.0,
          0.0,
          0.0,
          0.0
        ],
        [
          0.043293655640899806,
          0.006405991476526315,
          0.0,
          0.0,
          0.0,
          0.0,
          0.0,
          0.0,
          0.0,
          0.0
        ],
        [
          0.03763833229794108,
          0.0019364643309534336,
          0.0005122440460183325,
          0.0,
          0.0,
          0.0,
          0.0,
          0.0,
          0.0,
          0.0
        ],
        [
          0.0272370813625914,
          0.0016437460733665565,
          0.0003193755052166151,
          0.0006316937006109756,
          0.0,
          0.0,
          0.0,
          0.0,
          0.0,
          0.0
        ],
        [
          0.029145654754181013,
          0.0012450673795631833,
          0.00027790720649646146,
          0.000539391680705964,
          0.14174990459165468,
          0.0,
          0.0,
          0.0,
          0.0,
          0.0
        ],
        [
          0.028533568831828646,
          0.0011877077563642255,
          0.00027951663523870755,
          0.00040269276812530605,
          0.12230699361655491,
          0.0008529546233309784,
          0.0,
          0.0,
          0.0,
          0.0
        ],
        [
          0.028664354242351402,
          0.0016393011370203633,
          0.0002796169617948548,
          0.0004040638089315979,
          0.11737912075351127,
          0.0008166533555198958,
          0.01062331968627572,
          0.0,
          0.0,
          0.0
        ],
        [
          0.02876963028540592,
          0.001401352387457492,
          0.00027290709234387774,
          0.00039932095015921047,
          0.1112572566841194,
          0.0007151352615070627,
          0.007516888587476344,
          0.01167395693931032,
          0.0,
          0.0
        ],
        [
          0.02697224400272154,
          0.001391496364632101,
          3.8582754141632786e-05,
          0.00045276135615677024,
          0.10869273535824596,
          0.000693966801328281,
          0.00640696059448375,
          0.010814108608369625,
          0.0011151360957727286,
          0.0
        ],
        [
          0.018321158943587507,
          0.0015437197371059664,
          3.906798153461383e-05,
          0.0005178568766302428,
          9.325972336197063e-05,
          0.0006136843310348337,
          0.004016552106006988,
          0.004447214100193953,
          0.0010307386611296946,
          0.013337236276532221
        ]
      ]
    }
  ]
}