{
  "baseline": "naive_sequential",
  "model": "TransE",
  "embedding_dim": 256,
  "num_epochs": 100,
  "lr": 0.001,
  "task_names": [
    "task_0_base",
    "task_1_disease_related",
    "task_1_drug_related",
    "task_2_disease_related",
    "task_2_gene_protein",
    "task_3_gene_protein",
    "task_3_phenotype_related",
    "task_4_biological_process",
    "task_4_phenotype_related",
    "task_5_anatomy_pathway"
  ],
  "seeds": [
    123
  ],
  "results": [
    {
      "Average Performance (AP)": 0.004391639109348039,
      "Average Forgetting (AF)": 0.0207310355050978,
      "Backward Transfer (BWT)": -0.020631537332809438,
      "Forward Transfer (FWT)": 0.0,
      "Remembering (REM)": 0.9793684626671906,
      "seed": 123,
      "results_matrix": [
        [
          0.04104987718537859,
          0.0,
          0.0,
          0.0,
          0.0,
          0.0,
          0.0,
          0.0,
          0.0,
          0.0
        ],
        [
          0.041945360735973845,
          0.006097850446341058,
          0.0,
          0.0,
          0.0,
          0.0,
          0.0,
          0.0,
          0.0,
          0.0
        ],
        [
          0.03666866697824621,
          0.0016537096787776781,
          0.0005557759435367286,
          0.0,
          0.0,
          0.0,
          0.0,
          0.0,
          0.0,
          0.0
        ],
        [
          0.027050077786297443,
          0.0013679370522520586,
          0.00047995824025702624,
          0.0006169884484175052,
          0.0,
          0.0,
          0.0,
          0.0,
          0.0,
          0.0
        ],
        [
          0.028871316150800158,
          0.0013497373703102483,
          0.00039260984687051407,
          0.0005861508427273922,
          0.1420943881576525,
          0.0,
          0.0,
          0.0,
          0.0,
          0.0
        ],
        [
          0.026751736400659247,
          0.0006239701580502535,
          0.00027612860668606575,
          0.0004616838260154111,
          0.12409565392737334,
          0.0008638755883338457,
          0.0,
          0.0,
          0.0,
          0.0
        ],
        [
          0.026720102100778378,
          0.0011751992094459413,
          0.0002706952805320651,
          0.0004477248016175906,
          0.12083755244951219,
          0.0008199297037460641,
          0.012064759648843694,
          0.0,
          0.0,
          0.0
        ],
        [
          0.02541342793729614,
          0.0011562567469147742,
          0.00026597991041980824,
          0.00046073149802228273,
          0.11410585898031043,
          0.0007362605824172912,
          0.008278559740874318,
          0.011855096471209114,
          0.0,
          0.0
        ],
        [
          0.024988556314949152,
          0.001081069756562785,
          3.968883714067503e-05,
          0.00044335031283104694,
          0.11350991097236139,
          0.0007025010123958272,
          0.007065723779988524,
          0.011017162960606668,
          0.0011212198186487958,
          0.0
        ],
        [
          0.01831146808906103,
          0.001246775338575863,
          4.091815343958301e-05,
          0.00042489570138625285,
          8.969286580973163e-05,
          0.0006512142054391419,
          0.004390729618397138,
          0.004435683710178713,
          0.001044618030789411,
          0.013280395380403515
        ]
      ]
    }
  ]
}