{
  "baseline": "naive_sequential",
  "model": "TransE",
  "embedding_dim": 256,
  "num_epochs": 100,
  "lr": 0.001,
  "task_names": [
    "task_0_base",
    "task_1_disease_related",
    "task_1_drug_related",
    "task_2_disease_related",
    "task_2_gene_protein",
    "task_3_gene_protein",
    "task_3_phenotype_related",
    "task_4_biological_process",
    "task_4_phenotype_related",
    "task_5_anatomy_pathway"
  ],
  "seeds": [
    42
  ],
  "results": [
    {
      "Average Performance (AP)": 0.004332723406158553,
      "Average Forgetting (AF)": 0.02050505510574497,
      "Backward Transfer (BWT)": -0.020478613918801056,
      "Forward Transfer (FWT)": 0.0,
      "Remembering (REM)": 0.979521386081199,
      "seed": 42,
      "results_matrix": [
        [
          0.04127878719155564,
          0.0,
          0.0,
          0.0,
          0.0,
          0.0,
          0.0,
          0.0,
          0.0,
          0.0
        ],
        [
          0.04150680779409272,
          0.005558796380741599,
          0.0,
          0.0,
          0.0,
          0.0,
          0.0,
          0.0,
          0.0,
          0.0
        ],
        [
          0.03430100924220162,
          0.0011519599163548177,
          0.00040836030660692065,
          0.0,
          0.0,
          0.0,
          0.0,
          0.0,
          0.0,
          0.0
        ],
        [
          0.025900395954906435,
          0.000899737363924543,
          0.00029955196245616517,
          0.0006505662975774968,
          0.0,
          0.0,
          0.0,
          0.0,
          0.0,
          0.0
        ],
        [
          0.027535793053937385,
          0.0008727572941573534,
          0.0002622505242031444,
          0.0005138323513214553,
          0.14022810628006013,
          0.0,
          0.0,
          0.0,
          0.0,
          0.0
        ],
        [
          0.026034657034733944,
          0.0004887878166981893,
          0.0002602808431409653,
          0.00035847881383786225,
          0.11996707015134511,
          0.0007548144410366432,
          0.0,
          0.0,
          0.0,
          0.0
        ],
        [
          0.026575131526971708,
          0.0006919367732035954,
          0.00022394060797057203,
          0.00036651462496747346,
          0.11670751226792812,
          0.0007647645209947313,
          0.012093172691751546,
          0.0,
          0.0,
          0.0
        ],
        [
          0.025670021880048802,
          0.000641735691854349,
          0.0002083131297223042,
          0.0003717439639595503,
          0.11248514795186697,
          0.0007212457517374069,
          0.008571626347616412,
          0.011898262272027608,
          0.0,
          0.0
        ],
        [
          0.023990386364446687,
          0.0004690075998858817,
          3.909306827712867e-05,
          0.00041639194070345866,
          0.11081252503895912,
          0.0007406516990961915,
          0.0073403414900727595,
          0.011493018203468491,
          0.0011455084907610906,
          0.0
        ],
        [
          0.017277212186561742,
          0.000689198862331484,
          3.836982775889133e-05,
          0.00036015270016293526,
          8.695862966933812e-05,
          0.0006042164533552289,
          0.0050288973375919414,
          0.004579678565728522,
          0.0010441645197490795,
          0.013618384978676368
        ]
      ]
    }
  ]
}