{
  "baseline": "naive_sequential",
  "model": "TransE",
  "embedding_dim": 256,
  "num_epochs": 100,
  "lr": 0.001,
  "task_names": [
    "task_0_base",
    "task_1_disease_related",
    "task_1_drug_related",
    "task_2_disease_related",
    "task_2_gene_protein",
    "task_3_gene_protein",
    "task_3_phenotype_related",
    "task_4_biological_process",
    "task_4_phenotype_related",
    "task_5_anatomy_pathway"
  ],
  "seeds": [
    1024
  ],
  "results": [
    {
      "Average Performance (AP)": 0.004236652573846434,
      "Average Forgetting (AF)": 0.02025080783390823,
      "Backward Transfer (BWT)": -0.020086884142766673,
      "Forward Transfer (FWT)": 0.0,
      "Remembering (REM)": 0.9799131158572333,
      "seed": 1024,
      "results_matrix": [
        [
          0.04069763018899951,
          0.0,
          0.0,
          0.0,
          0.0,
          0.0,
          0.0,
          0.0,
          0.0,
          0.0
        ],
        [
          0.04217294340927353,
          0.006135410219634155,
          0.0,
          0.0,
          0.0,
          0.0,
          0.0,
          0.0,
          0.0,
          0.0
        ],
        [
          0.03658273207687235,
          0.0012103980309021599,
          0.00046998937565063156,
          0.0,
          0.0,
          0.0,
          0.0,
          0.0,
          0.0,
          0.0
        ],
        [
          0.024196944102379585,
          0.001204953331237668,
          0.0003750545664987618,
          0.0006359157301568119,
          0.0,
          0.0,
          0.0,
          0.0,
          0.0,
          0.0
        ],
        [
          0.02783682837972374,
          0.0008631075217335391,
          0.00029572321451626745,
          0.000588243068268313,
          0.13805429128808544,
          0.0,
          0.0,
          0.0,
          0.0,
          0.0
        ],
        [
          0.026024003762157258,
          0.0005614486580949633,
          0.0002908541020949227,
          0.0005019636047010951,
          0.11680630240877417,
          0.0008037670892895487,
          0.0,
          0.0,
          0.0,
          0.0
        ],
        [
          0.026580632566413534,
          0.0011221365210901863,
          0.0002852266687027149,
          0.0004814671919831088,
          0.11255474144267057,
          0.0007490928490721796,
          0.010650529402366118,
          0.0,
          0.0,
          0.0
        ],
        [
          0.025846618190535058,
          0.0010698401059313258,
          0.00026814076605558755,
          0.00047135026247769837,
          0.1054581935394417,
          0.0007498912001437669,
          0.007966728406300473,
          0.011521982296861988,
          0.0,
          0.0
        ],
        [
          0.024645944636493396,
          0.0009847473143181186,
          3.9268676014484006e-05,
          0.0005157516630243991,
          0.10598655272930647,
          0.0007261916219411831,
          0.006609371563655348,
          0.010919959133733182,
          0.0012311892957857706,
          0.0
        ],
        [
          0.01782196783362652,
          0.0007809530522033473,
          3.9789138420064596e-05,
          0.0004228239796877369,
          0.00011222279012111266,
          0.0005964629392453634,
          0.004057551753565396,
          0.004572326999356955,
          0.0010146491157034588,
          0.012947778136534395
        ]
      ]
    }
  ]
}