{
  "baseline": "naive_sequential",
  "model": "TransE",
  "embedding_dim": 256,
  "num_epochs": 100,
  "lr": 0.001,
  "task_names": [
    "task_0_base",
    "task_1_disease_related",
    "task_1_drug_related",
    "task_2_disease_related",
    "task_2_gene_protein",
    "task_3_gene_protein",
    "task_3_phenotype_related",
    "task_4_biological_process",
    "task_4_phenotype_related",
    "task_5_anatomy_pathway"
  ],
  "seeds": [
    789
  ],
  "results": [
    {
      "Average Performance (AP)": 0.004400492724037272,
      "Average Forgetting (AF)": 0.02097698662100207,
      "Backward Transfer (BWT)": -0.020759058589564398,
      "Forward Transfer (FWT)": 0.0,
      "Remembering (REM)": 0.9792409414104356,
      "seed": 789,
      "results_matrix": [
        [
          0.03975957143020091,
          0.0,
          0.0,
          0.0,
          0.0,
          0.0,
          0.0,
          0.0,
          0.0,
          0.0
        ],
        [
          0.041689046791017134,
          0.006321661444510257,
          0.0,
          0.0,
          0.0,
          0.0,
          0.0,
          0.0,
          0.0,
          0.0
        ],
        [
          0.03692241604983597,
          0.001339811864731305,
          0.0005270448904616343,
          0.0,
          0.0,
          0.0,
          0.0,
          0.0,
          0.0,
          0.0
        ],
        [
          0.026051598967717464,
          0.0013821693139363454,
          0.0003831551663307879,
          0.0006128009331415864,
          0.0,
          0.0,
          0.0,
          0.0,
          0.0,
          0.0
        ],
        [
          0.02832266316357783,
          0.0010826529302982626,
          0.0003655854204687818,
          0.0005461398179552941,
          0.14370244419972317,
          0.0,
          0.0,
          0.0,
          0.0,
          0.0
        ],
        [
          0.027196510918050316,
          0.0006271173420487697,
          0.0002665185425800103,
          0.0004408609312809491,
          0.12529442263577759,
          0.0007292884370707944,
          0.0,
          0.0,
          0.0,
          0.0
        ],
        [
          0.026892733967514133,
          0.001467979093149535,
          0.00025836190151529306,
          0.0004148697307181766,
          0.12103556413333927,
          0.000761165359193604,
          0.012578228386606776,
          0.0,
          0.0,
          0.0
        ],
        [
          0.026297718457210163,
          0.001226497433385532,
          0.0002712850991683275,
          0.0004277690657026137,
          0.11605260394185238,
          0.0006921661462859286,
          0.008735493211906729,
          0.01230740615333878,
          0.0,
          0.0
        ],
        [
          0.02395220499532344,
          0.0012148021734474858,
          3.9844573035991034e-05,
          0.00046821541801346186,
          0.11341036037894191,
          0.0006818881044624344,
          0.007341077075500434,
          0.011884958459412544,
          0.0011921359501032085,
          0.0
        ],
        [
          0.018071671477449626,
          0.0012703694121043174,
          4.032208296734905e-05,
          0.0004096118055621535,
          0.00013006474220767988,
          0.0006066988129952975,
          0.004655893241496463,
          0.004673407656860944,
          0.0010410152874336905,
          0.013105872721295198
        ]
      ]
    }
  ]
}