{
  "baseline": "ewc",
  "model": "TransE",
  "embedding_dim": 64,
  "num_epochs": 10,
  "lr": 0.001,
  "task_names": [
    "task_1_disease_related",
    "task_3_phenotype_related"
  ],
  "seeds": [
    42
  ],
  "results": [
    {
      "Average Performance (AP)": 0.002775966131594032,
      "Average Forgetting (AF)": 0.0030107347993180156,
      "Backward Transfer (BWT)": -0.0030107347993180156,
      "Forward Transfer (FWT)": 0.0,
      "Remembering (REM)": 0.996989265200682,
      "seed": 42,
      "results_matrix": [
        [
          0.004883179906755686,
          0.0
        ],
        [
          0.0018724451074376704,
          0.0036794871557503934
        ]
      ]
    }
  ]
}