{
  "baseline": "experience_replay",
  "model": "TransE",
  "embedding_dim": 64,
  "num_epochs": 10,
  "lr": 0.001,
  "task_names": [
    "task_1_disease_related",
    "task_3_phenotype_related"
  ],
  "seeds": [
    42
  ],
  "results": [
    {
      "Average Performance (AP)": 0.002607247675769031,
      "Average Forgetting (AF)": 0.0035905081313103437,
      "Backward Transfer (BWT)": -0.0035905081313103437,
      "Forward Transfer (FWT)": 0.0,
      "Remembering (REM)": 0.9964094918686897,
      "seed": 42,
      "results_matrix": [
        [
          0.004883179906755686,
          0.0
        ],
        [
          0.001292671775445342,
          0.00392182357609272
        ]
      ]
    }
  ]
}