{
  "baseline": "experience_replay",
  "model": "TransE",
  "embedding_dim": 64,
  "num_epochs": 10,
  "lr": 0.001,
  "task_names": [
    "task_1_disease_related",
    "task_3_phenotype_related"
  ],
  "seeds": [
    42
  ],
  "results": [
    {
      "Average Performance (AP)": 0.0022697789245285094,
      "Average Forgetting (AF)": 0.0034832294331863523,
      "Backward Transfer (BWT)": -0.0034832294331863523,
      "Forward Transfer (FWT)": 0.0,
      "Remembering (REM)": 0.9965167705668136,
      "seed": 42,
      "results_matrix": [
        [
          0.004425455816090107,
          0.0
        ],
        [
          0.0009422263829037547,
          0.003597331466153264
        ]
      ]
    }
  ]
}