{
  "baseline": "joint_training",
  "model": "TransE",
  "embedding_dim": 256,
  "num_epochs": 100,
  "lr": 0.001,
  "task_names": [
    "task_0_base",
    "task_1_disease_related",
    "task_1_drug_related",
    "task_2_disease_related",
    "task_2_gene_protein",
    "task_3_gene_protein",
    "task_3_phenotype_related",
    "task_4_biological_process",
    "task_4_phenotype_related",
    "task_5_anatomy_pathway"
  ],
  "seeds": [
    1024
  ],
  "results": [
    {
      "Average Performance (AP)": 0.02001820979639888,
      "Average Forgetting (AF)": 0.0,
      "Backward Transfer (BWT)": 0.0,
      "Forward Transfer (FWT)": 0.019843334435588784,
      "Remembering (REM)": 1.0,
      "seed": 1024,
      "results_matrix": [
        [
          0.021592088043689728,
          0.04640127345919609,
          0.0021897766273468733,
          0.0032759576570242643,
          0.021548161283135414,
          0.002220035530626774,
          0.05008509382605553,
          0.022393442690372467,
          0.007613458205014467,
          0.022862810641527176
        ],
        [
          0.021592088043689728,
          0.04640127345919609,
          0.0021897766273468733,
          0.0032759576570242643,
          0.021548161283135414,
          0.002220035530626774,
          0.05008509382605553,
          0.022393442690372467,
          0.007613458205014467,
          0.022862810641527176
        ],
        [
          0.021592088043689728,
          0.04640127345919609,
          0.0021897766273468733,
          0.0032759576570242643,
          0.021548161283135414,
          0.002220035530626774,
          0.05008509382605553,
          0.022393442690372467,
          0.007613458205014467,
          0.022862810641527176
        ],
        [
          0.021592088043689728,
          0.04640127345919609,
          0.0021897766273468733,
          0.0032759576570242643,
          0.021548161283135414,
          0.002220035530626774,
          0.05008509382605553,
          0.022393442690372467,
          0.007613458205014467,
          0.022862810641527176
        ],
        [
          0.021592088043689728,
          0.04640127345919609,
          0.0021897766273468733,
          0.0032759576570242643,
          0.021548161283135414,
          0.002220035530626774,
          0.05008509382605553,
          0.022393442690372467,
          0.007613458205014467,
          0.022862810641527176
        ],
        [
          0.021592088043689728,
          0.04640127345919609,
          0.0021897766273468733,
          0.0032759576570242643,
          0.021548161283135414,
          0.002220035530626774,
          0.05008509382605553,
          0.022393442690372467,
          0.007613458205014467,
          0.022862810641527176
        ],
        [
          0.021592088043689728,
          0.04640127345919609,
          0.0021897766273468733,
          0.0032759576570242643,
          0.021548161283135414,
          0.002220035530626774,
          0.05008509382605553,
          0.022393442690372467,
          0.007613458205014467,
          0.022862810641527176
        ],
        [
          0.021592088043689728,
          0.04640127345919609,
          0.0021897766273468733,
          0.0032759576570242643,
          0.021548161283135414,
          0.002220035530626774,
          0.05008509382605553,
          0.022393442690372467,
          0.007613458205014467,
          0.022862810641527176
        ],
        [
          0.021592088043689728,
          0.04640127345919609,
          0.0021897766273468733,
          0.0032759576570242643,
          0.021548161283135414,
          0.002220035530626774,
          0.05008509382605553,
          0.022393442690372467,
          0.007613458205014467,
          0.022862810641527176
        ],
        [
          0.021592088043689728,
          0.04640127345919609,
          0.0021897766273468733,
          0.0032759576570242643,
          0.021548161283135414,
          0.002220035530626774,
          0.05008509382605553,
          0.022393442690372467,
          0.007613458205014467,
          0.022862810641527176
        ]
      ]
    }
  ],
  "multihop_paths": {
    "drug -> protein -> disease": {
      "num_paths": 5000
    },
    "drug -> protein -> pathway": {
      "num_paths": 5000
    },
    "drug -> protein -> bioprocess": {
      "num_paths": 5000
    },
    "disease -> protein -> pathway": {
      "num_paths": 5000
    },
    "disease -> protein -> bioprocess": {
      "num_paths": 5000
    },
    "drug -> protein -> protein": {
      "num_paths": 5000
    },
    "disease -> protein -> protein": {
      "num_paths": 5000
    }
  }
}