{
  "baseline": "joint_training",
  "model": "TransE",
  "embedding_dim": 64,
  "num_epochs": 10,
  "lr": 0.001,
  "task_names": [
    "task_1_disease_related",
    "task_3_phenotype_related"
  ],
  "seeds": [
    42
  ],
  "results": [
    {
      "Average Performance (AP)": 0.004954644478857517,
      "Average Forgetting (AF)": 0.0,
      "Backward Transfer (BWT)": 0.0,
      "Forward Transfer (FWT)": 0.004743077792227268,
      "Remembering (REM)": 1.0,
      "seed": 42,
      "results_matrix": [
        [
          0.005166211165487766,
          0.004743077792227268
        ],
        [
          0.005166211165487766,
          0.004743077792227268
        ]
      ]
    }
  ]
}