{
  "baseline": "joint_training",
  "model": "TransE",
  "embedding_dim": 256,
  "num_epochs": 100,
  "lr": 0.001,
  "task_names": [
    "task_0_base",
    "task_1_disease_related",
    "task_1_drug_related",
    "task_2_disease_related",
    "task_2_gene_protein",
    "task_3_gene_protein",
    "task_3_phenotype_related",
    "task_4_biological_process",
    "task_4_phenotype_related",
    "task_5_anatomy_pathway"
  ],
  "seeds": [
    42
  ],
  "results": [
    {
      "Average Performance (AP)": 0.02077076113782823,
      "Average Forgetting (AF)": 0.0,
      "Backward Transfer (BWT)": 0.0,
      "Forward Transfer (FWT)": 0.020694504336764414,
      "Remembering (REM)": 1.0,
      "seed": 42,
      "results_matrix": [
        [
          0.021457072347402573,
          0.050914257764816284,
          0.0021221069619059563,
          0.0036142016761004925,
          0.021860864013433456,
          0.0022037476301193237,
          0.05005626007914543,
          0.02616753987967968,
          0.007912547327578068,
          0.021399013698101044
        ],
        [
          0.021457072347402573,
          0.050914257764816284,
          0.0021221069619059563,
          0.0036142016761004925,
          0.021860864013433456,
          0.0022037476301193237,
          0.05005626007914543,
          0.02616753987967968,
          0.007912547327578068,
          0.021399013698101044
        ],
        [
          0.021457072347402573,
          0.050914257764816284,
          0.0021221069619059563,
          0.0036142016761004925,
          0.021860864013433456,
          0.0022037476301193237,
          0.05005626007914543,
          0.02616753987967968,
          0.007912547327578068,
          0.021399013698101044
        ],
        [
          0.021457072347402573,
          0.050914257764816284,
          0.0021221069619059563,
          0.0036142016761004925,
          0.021860864013433456,
          0.0022037476301193237,
          0.05005626007914543,
          0.02616753987967968,
          0.007912547327578068,
          0.021399013698101044
        ],
        [
          0.021457072347402573,
          0.050914257764816284,
          0.0021221069619059563,
          0.0036142016761004925,
          0.021860864013433456,
          0.0022037476301193237,
          0.05005626007914543,
          0.02616753987967968,
          0.007912547327578068,
          0.021399013698101044
        ],
        [
          0.021457072347402573,
          0.050914257764816284,
          0.0021221069619059563,
          0.0036142016761004925,
          0.021860864013433456,
          0.0022037476301193237,
          0.05005626007914543,
          0.02616753987967968,
          0.007912547327578068,
          0.021399013698101044
        ],
        [
          0.021457072347402573,
          0.050914257764816284,
          0.0021221069619059563,
          0.0036142016761004925,
          0.021860864013433456,
          0.0022037476301193237,
          0.05005626007914543,
          0.02616753987967968,
          0.007912547327578068,
          0.021399013698101044
        ],
        [
          0.021457072347402573,
          0.050914257764816284,
          0.0021221069619059563,
          0.0036142016761004925,
          0.021860864013433456,
          0.0022037476301193237,
          0.05005626007914543,
          0.02616753987967968,
          0.007912547327578068,
          0.021399013698101044
        ],
        [
          0.021457072347402573,
          0.050914257764816284,
          0.0021221069619059563,
          0.0036142016761004925,
          0.021860864013433456,
          0.0022037476301193237,
          0.05005626007914543,
          0.02616753987967968,
          0.007912547327578068,
          0.021399013698101044
        ],
        [
          0.021457072347402573,
          0.050914257764816284,
          0.0021221069619059563,
          0.0036142016761004925,
          0.021860864013433456,
          0.0022037476301193237,
          0.05005626007914543,
          0.02616753987967968,
          0.007912547327578068,
          0.021399013698101044
        ]
      ]
    }
  ],
  "multihop_paths": {
    "drug -> protein -> disease": {
      "num_paths": 5000
    },
    "drug -> protein -> pathway": {
      "num_paths": 5000
    },
    "drug -> protein -> bioprocess": {
      "num_paths": 5000
    },
    "disease -> protein -> pathway": {
      "num_paths": 5000
    },
    "disease -> protein -> bioprocess": {
      "num_paths": 5000
    },
    "drug -> protein -> protein": {
      "num_paths": 5000
    },
    "disease -> protein -> protein": {
      "num_paths": 5000
    }
  }
}