{
  "baseline": "joint_training",
  "model": "TransE",
  "embedding_dim": 256,
  "num_epochs": 100,
  "lr": 0.001,
  "task_names": [
    "task_0_base",
    "task_1_disease_related",
    "task_1_drug_related",
    "task_2_disease_related",
    "task_2_gene_protein",
    "task_3_gene_protein",
    "task_3_phenotype_related",
    "task_4_biological_process",
    "task_4_phenotype_related",
    "task_5_anatomy_pathway"
  ],
  "seeds": [
    789
  ],
  "results": [
    {
      "Average Performance (AP)": 0.020196896302513777,
      "Average Forgetting (AF)": 0.0,
      "Backward Transfer (BWT)": 0.0,
      "Forward Transfer (FWT)": 0.02006740399843289,
      "Remembering (REM)": 1.0,
      "seed": 789,
      "results_matrix": [
        [
          0.02136232703924179,
          0.05045514926314354,
          0.001933955354616046,
          0.003062670584768057,
          0.02188064344227314,
          0.0018615773878991604,
          0.04867984354496002,
          0.024019304662942886,
          0.006852629594504833,
          0.021860862150788307
        ],
        [
          0.02136232703924179,
          0.05045514926314354,
          0.001933955354616046,
          0.003062670584768057,
          0.02188064344227314,
          0.0018615773878991604,
          0.04867984354496002,
          0.024019304662942886,
          0.006852629594504833,
          0.021860862150788307
        ],
        [
          0.02136232703924179,
          0.05045514926314354,
          0.001933955354616046,
          0.003062670584768057,
          0.02188064344227314,
          0.0018615773878991604,
          0.04867984354496002,
          0.024019304662942886,
          0.006852629594504833,
          0.021860862150788307
        ],
        [
          0.02136232703924179,
          0.05045514926314354,
          0.001933955354616046,
          0.003062670584768057,
          0.02188064344227314,
          0.0018615773878991604,
          0.04867984354496002,
          0.024019304662942886,
          0.006852629594504833,
          0.021860862150788307
        ],
        [
          0.02136232703924179,
          0.05045514926314354,
          0.001933955354616046,
          0.003062670584768057,
          0.02188064344227314,
          0.0018615773878991604,
          0.04867984354496002,
          0.024019304662942886,
          0.006852629594504833,
          0.021860862150788307
        ],
        [
          0.02136232703924179,
          0.05045514926314354,
          0.001933955354616046,
          0.003062670584768057,
          0.02188064344227314,
          0.0018615773878991604,
          0.04867984354496002,
          0.024019304662942886,
          0.006852629594504833,
          0.021860862150788307
        ],
        [
          0.02136232703924179,
          0.05045514926314354,
          0.001933955354616046,
          0.003062670584768057,
          0.02188064344227314,
          0.0018615773878991604,
          0.04867984354496002,
          0.024019304662942886,
          0.006852629594504833,
          0.021860862150788307
        ],
        [
          0.02136232703924179,
          0.05045514926314354,
          0.001933955354616046,
          0.003062670584768057,
          0.02188064344227314,
          0.0018615773878991604,
          0.04867984354496002,
          0.024019304662942886,
          0.006852629594504833,
          0.021860862150788307
        ],
        [
          0.02136232703924179,
          0.05045514926314354,
          0.001933955354616046,
          0.003062670584768057,
          0.02188064344227314,
          0.0018615773878991604,
          0.04867984354496002,
          0.024019304662942886,
          0.006852629594504833,
          0.021860862150788307
        ],
        [
          0.02136232703924179,
          0.05045514926314354,
          0.001933955354616046,
          0.003062670584768057,
          0.02188064344227314,
          0.0018615773878991604,
          0.04867984354496002,
          0.024019304662942886,
          0.006852629594504833,
          0.021860862150788307
        ]
      ]
    }
  ],
  "multihop_paths": {
    "drug -> protein -> disease": {
      "num_paths": 5000
    },
    "drug -> protein -> pathway": {
      "num_paths": 5000
    },
    "drug -> protein -> bioprocess": {
      "num_paths": 5000
    },
    "disease -> protein -> pathway": {
      "num_paths": 5000
    },
    "disease -> protein -> bioprocess": {
      "num_paths": 5000
    },
    "drug -> protein -> protein": {
      "num_paths": 5000
    },
    "disease -> protein -> protein": {
      "num_paths": 5000
    }
  }
}