{
  "baseline": "naive_sequential",
  "model": "TransE",
  "embedding_dim": 64,
  "num_epochs": 10,
  "lr": 0.001,
  "task_names": [
    "task_1_disease_related",
    "task_3_phenotype_related"
  ],
  "seeds": [
    42
  ],
  "results": [
    {
      "Average Performance (AP)": 0.002484377473592758,
      "Average Forgetting (AF)": 0.0036433020140975714,
      "Backward Transfer (BWT)": -0.0036433020140975714,
      "Forward Transfer (FWT)": 0.0,
      "Remembering (REM)": 0.9963566979859024,
      "seed": 42,
      "results_matrix": [
        [
          0.004883179906755686,
          0.0
        ],
        [
          0.0012398778926581144,
          0.0037288770545274024
        ]
      ]
    }
  ]
}