{
  "baseline": "naive_sequential",
  "model": "TransE",
  "embedding_dim": 64,
  "num_epochs": 10,
  "lr": 0.001,
  "task_names": [
    "task_1_disease_related",
    "task_3_phenotype_related"
  ],
  "seeds": [
    42
  ],
  "results": [
    {
      "Average Performance (AP)": 0.0022225848806556314,
      "Average Forgetting (AF)": 0.0034671768662519753,
      "Backward Transfer (BWT)": -0.0034671768662519753,
      "Forward Transfer (FWT)": 0.0,
      "Remembering (REM)": 0.996532823133748,
      "seed": 42,
      "results_matrix": [
        [
          0.004425455816090107,
          0.0
        ],
        [
          0.0009582789498381316,
          0.003486890811473131
        ]
      ]
    }
  ]
}